SKU ,POG
1269959,Garden Hose
1683840,Garden Hose
14139045,Garden Hose
1204453,Garden Hose
1131846,Garden Hose
1131854,Garden Hose
1332521,Garden Hose
1332520,Garden Hose
1267425,Garden Hose
1333964,Garden Hose
1147478,Garden Hose
1711661,Garden Hose
4408234,Garden Hose
1059015,Garden Hose
1335656,Garden Hose
1059143,Garden Hose
1147094,Garden Hose
1147097,Garden Hose
1267646,Garden Hose
1059014,Garden Hose
4408226,Garden Hose
1213064,Garden Hose
1213060,Garden Hose
1213062,Garden Hose
1577495,Garden Hose
1023189,Garden Hose
1023198,Garden Hose
1147479,Garden Hose
1687744,Weed Control
4039904,Weed Control
1443581,Weed Control
1443579,Weed Control
1292098,Weed Control
1360263,Weed Control
4041896,Weed Control
1443758,Weed Control
4210908,Weed Control
1454884,Weed Control
1170814,Weed Control
1350334,Weed Control
4200937,Weed Control
2322664,Weed Control
2322665,Weed Control
4039645,Weed Control
4205610,Weed Control
6015833,Weed Control
1118710,Weed Control
1013655,Weed Control
2322662,Weed Control
1378746,Weed Control
1617449,Weed Control
1643258,Weed Control
1171652,Weed Control
1013135,Weed Control
1598594,Weed Control
1598592,Weed Control
1292099,Weed Control
1350398,Weed Control
1026104,Weed Control
2322667,Weed Control
1073484,Weed Control
2322666,Weed Control
2325083,Weed Control
4220181,Weed Control
2322663,Weed Control
4205636,Weed Control
4221111,Weed Control
4221187,Weed Control
1352376,Weed Control
1117159,Weed Control
1350350,Weed Control
2357668,Fans
1043636,Fans
1025507,Fans
1046850,Fans
1598573,Fans
2312449,Fans
2313100,Fans
2313101,Fans
5002308,Fans
1591460,Fans
1591461,Fans
1591462,Fans
1591463,Fans
2028084,Fans
1289387,Blowers
1076678,Blowers
1011481,Blowers
1487364,Blowers
1727939,Blowers
1350632,Blowers
3909033,Husqvarna Chainsaws
3909041,Husqvarna Chainsaws
1293687,Husqvarna Chainsaws
1643698,Husqvarna Chainsaws
1643697,Husqvarna Chainsaws
1379391,Husqvarna Chainsaws
1379390,Husqvarna Chainsaws
1379339,Husqvarna Chainsaws
1637272,Husqvarna Chainsaws
1293870,Husqvarna Chainsaws
3909025,Husqvarna Chainsaws
3909083,Husqvarna Chainsaws
3909172,Husqvarna Chainsaws
1379392,Husqvarna Chainsaws
1293871,Husqvarna Chainsaws
1293689,Husqvarna Chainsaws
1643699,Husqvarna Chainsaws
1643703,Husqvarna Chainsaws
1643702,Husqvarna Chainsaws
1643701,Husqvarna Chainsaws
1643700,Husqvarna Chainsaws
1293682,Husqvarna Chainsaws
2359000,Husqvarna Chainsaws
2358979,Husqvarna Chainsaws
2358978,Husqvarna Chainsaws
2358977,Husqvarna Chainsaws
1459392,Husqvarna Chainsaws
1294069,Husqvarna Chainsaws
1292558,Husqvarna Chainsaws
1936378,Husqvarna Chainsaws
1458170,Husqvarna Chainsaws
1244634,Husqvarna Chainsaws
4469125,Husqvarna Chainsaws
4469117,Husqvarna Chainsaws
1584171,Husqvarna Chainsaws
1244624,Husqvarna Chainsaws
1244625,Husqvarna Chainsaws
1584163,Husqvarna Chainsaws
1027932,Husqvarna Chainsaws
2360096,Husqvarna Chainsaws
1244627,Husqvarna Chainsaws
1244626,Husqvarna Chainsaws
1244629,Husqvarna Chainsaws
1720723,Husqvarna Chainsaws
1623698,Husqvarna Chainsaws
1623700,Husqvarna Chainsaws
1623699,Husqvarna Chainsaws
1623702,Husqvarna Chainsaws
4431596,Husqvarna Chainsaws
4431601,Husqvarna Chainsaws
1458996,Husqvarna Chainsaws
1293877,Husqvarna Chainsaws
1250877,Husqvarna Chainsaws
1912743,Husqvarna Chainsaws
1459390,Husqvarna Chainsaws
1554445,Husqvarna Chainsaws
1292557,Husqvarna Chainsaws
1292556,Husqvarna Chainsaws
1292555,Husqvarna Chainsaws
1912745,Husqvarna Chainsaws
1354511,Husqvarna Chainsaws
3910602,Husqvarna Chainsaws
1050821,Husqvarna Chainsaws
4460113,Husqvarna Chainsaws
1293688,Husqvarna Chainsaws
1291697,Husqvarna Chainsaws
4469280,Husqvarna Chainsaws
4469010,Husqvarna Chainsaws
1533697,Chainsaw Accessories
1533697,Chainsaw Accessories
1533669,Chainsaw Accessories
1533646,Chainsaw Accessories
1533660,Chainsaw Accessories
1533699,Chainsaw Accessories
1533690,Chainsaw Accessories
1533690,Chainsaw Accessories
1533664,Chainsaw Accessories
1533698,Chainsaw Accessories
1533663,Chainsaw Accessories
1533668,Chainsaw Accessories
1533645,Chainsaw Accessories
1533659,Chainsaw Accessories
1533678,Chainsaw Accessories
1533704,Chainsaw Accessories
1533689,Chainsaw Accessories
1533708,Chainsaw Accessories
1533676,Chainsaw Accessories
1533677,Chainsaw Accessories
1533675,Chainsaw Accessories
1533672,Chainsaw Accessories
1533692,Chainsaw Accessories
1533667,Chainsaw Accessories
1533665,Chainsaw Accessories
1533661,Chainsaw Accessories
1533656,Chainsaw Accessories
1533695,Chainsaw Accessories
1533655,Chainsaw Accessories
1533702,Chainsaw Accessories
1533654,Chainsaw Accessories
1533653,Chainsaw Accessories
1533652,Chainsaw Accessories
1533694,Chainsaw Accessories
1533644,Chainsaw Accessories
1533651,Chainsaw Accessories
1533643,Chainsaw Accessories
1533686,Chainsaw Accessories
1533693,Chainsaw Accessories
2153443,Chainsaw Accessories
1533706,Chainsaw Accessories
1533706,Chainsaw Accessories
1533707,Chainsaw Accessories
1533707,Chainsaw Accessories
1912747,Chainsaw Accessories
1923226,Chainsaw Accessories
1533666,Chainsaw Accessories
1533688,Chainsaw Accessories
1533662,Chainsaw Accessories
1533696,Chainsaw Accessories
1533658,Chainsaw Accessories
1533657,Chainsaw Accessories
1044226,Chainsaw Accessories
1533684,Chainsaw Accessories
1533683,Chainsaw Accessories
1533681,Chainsaw Accessories
1533682,Chainsaw Accessories
1533679,Chainsaw Accessories
1533687,Chainsaw Accessories
1533680,Chainsaw Accessories
1533701,Chainsaw Accessories
1533650,Chainsaw Accessories
1533649,Chainsaw Accessories
1533700,Chainsaw Accessories
1533648,Chainsaw Accessories
1533691,Chainsaw Accessories
1533647,Chainsaw Accessories
1044223,Chainsaw Accessories
1044225,Chainsaw Accessories
1044224,Chainsaw Accessories
1533705,Chainsaw Accessories
1044222,Chainsaw Accessories
2153443,Chainsaw Accessories
1350610,Chainsaw Accessories
1350610,Chainsaw Accessories
1923226,Chainsaw Accessories
1912744,Chainsaw Accessories
1912744,Chainsaw Accessories
2012338,Chainsaw Accessories
2012304,Chainsaw Accessories
1044141,Chainsaw Accessories
1250572,Chainsaw Accessories
1250572,Chainsaw Accessories
1912746,Chainsaw Accessories
1912746,Chainsaw Accessories
3990270,Chainsaw Accessories
3990262,Chainsaw Accessories
3990212,Chainsaw Accessories
3990181,Chainsaw Accessories
3990149,Chainsaw Accessories
3990149,Chainsaw Accessories
1496732,Chainsaw Accessories
1533697,Chainsaw Accessories
1533669,Chainsaw Accessories
1533646,Chainsaw Accessories
1533660,Chainsaw Accessories
1533699,Chainsaw Accessories
1533690,Chainsaw Accessories
1533690,Chainsaw Accessories
1533664,Chainsaw Accessories
1533698,Chainsaw Accessories
1533663,Chainsaw Accessories
1533668,Chainsaw Accessories
1533645,Chainsaw Accessories
1533659,Chainsaw Accessories
1533678,Chainsaw Accessories
1533704,Chainsaw Accessories
1533689,Chainsaw Accessories
1533708,Chainsaw Accessories
1533676,Chainsaw Accessories
1533677,Chainsaw Accessories
1533675,Chainsaw Accessories
1533672,Chainsaw Accessories
1533692,Chainsaw Accessories
1533667,Chainsaw Accessories
1533665,Chainsaw Accessories
1533661,Chainsaw Accessories
1533656,Chainsaw Accessories
1533695,Chainsaw Accessories
1533655,Chainsaw Accessories
1533702,Chainsaw Accessories
1533654,Chainsaw Accessories
1533653,Chainsaw Accessories
1533652,Chainsaw Accessories
1533694,Chainsaw Accessories
1533644,Chainsaw Accessories
1533651,Chainsaw Accessories
1533643,Chainsaw Accessories
1533686,Chainsaw Accessories
1533693,Chainsaw Accessories
2153443,Chainsaw Accessories
1533706,Chainsaw Accessories
1533706,Chainsaw Accessories
1533707,Chainsaw Accessories
1533707,Chainsaw Accessories
1912747,Chainsaw Accessories
1923226,Chainsaw Accessories
1533666,Chainsaw Accessories
1533688,Chainsaw Accessories
1533662,Chainsaw Accessories
1533696,Chainsaw Accessories
1533658,Chainsaw Accessories
1533657,Chainsaw Accessories
1044226,Chainsaw Accessories
1533684,Chainsaw Accessories
1533683,Chainsaw Accessories
1533681,Chainsaw Accessories
1533682,Chainsaw Accessories
1533679,Chainsaw Accessories
1533687,Chainsaw Accessories
1533680,Chainsaw Accessories
1533701,Chainsaw Accessories
1533650,Chainsaw Accessories
1533649,Chainsaw Accessories
1533700,Chainsaw Accessories
1533648,Chainsaw Accessories
1533691,Chainsaw Accessories
1533647,Chainsaw Accessories
1044223,Chainsaw Accessories
1044225,Chainsaw Accessories
1044224,Chainsaw Accessories
1533705,Chainsaw Accessories
1044222,Chainsaw Accessories
2153443,Chainsaw Accessories
1350610,Chainsaw Accessories
1350610,Chainsaw Accessories
1923226,Chainsaw Accessories
1912744,Chainsaw Accessories
1912744,Chainsaw Accessories
2012338,Chainsaw Accessories
2012304,Chainsaw Accessories
1044141,Chainsaw Accessories
1250572,Chainsaw Accessories
1250572,Chainsaw Accessories
1912746,Chainsaw Accessories
1912746,Chainsaw Accessories
3990270,Chainsaw Accessories
3990262,Chainsaw Accessories
3990212,Chainsaw Accessories
3990181,Chainsaw Accessories
3990149,Chainsaw Accessories
3990149,Chainsaw Accessories
1496732,Chainsaw Accessories
1330457,Axes and Mauls
1330386,Axes and Mauls
1022786,Axes and Mauls
1201355,Axes and Mauls
1201356,Axes and Mauls
1201545,Axes and Mauls
1201362,Axes and Mauls
1201364,Axes and Mauls
1201363,Axes and Mauls
1204454,Axes and Mauls
1201548,Axes and Mauls
1201357,Axes and Mauls
1201358,Axes and Mauls
1201546,Axes and Mauls
1330387,Axes and Mauls
1201547,Axes and Mauls
1330385,Axes and Mauls
1201367,Axes and Mauls
1201369,Axes and Mauls
1201371,Axes and Mauls
1201359,Axes and Mauls
1201359,Axes and Mauls
1201359,Axes and Mauls
1201361,Axes and Mauls
1201361,Axes and Mauls
1201361,Axes and Mauls
1201360,Axes and Mauls
1201360,Axes and Mauls
1201360,Axes and Mauls
1201544,Axes and Mauls
1332385,Axes and Mauls
3531238,Axes and Mauls
1600489,Mower Blades
1738459,Mower Blades
1116840,Mower Blades
1612648,Mower Blades
2026111,Mower Blades
1738460,Mower Blades
1350883,Mower Blades
4442432,Mower Blades
2026107,Mower Blades
2026108,Mower Blades
1046511,Mower Blades
4435388,Mower Blades
1464486,Mower Blades
1464482,Mower Blades
1116841,Mower Blades
4442466,Mower Blades
1612651,Mower Blades
1074114,Mower Blades
4442547,Mower Blades
1612652,Mower Blades
1463701,Mower Blades
1612649,Mower Blades
1467884,Mower Blades
1612650,Mower Blades
1125511,Mower Blades
1125511,Mower Blades
1000765,Mower Blades
1464481,Mower Blades
1464485,Mower Blades
1463703,Mower Blades
1463704,Mower Blades
2026105,Mower Blades
1472465,Mower Blades
2026106,Mower Blades
1175964,Mower Blades
1175964,Mower Blades
1738424,Mower Blades
1738423,Mower Blades
1738425,Mower Blades
2026104,Mower Blades
1463705,Mower Blades
1352678,Mower Blades
1738426,Mower Blades
1009968,Mower Blades
1009968,Mower Blades
2026124,Mower Blades
2026121,Mower Blades
1612656,Mower Blades
1738458,Mower Blades
1116851,Mower Blades
1738457,Mower Blades
4457495,Mower Blades
1464483,Mower Blades
1464479,Mower Blades
1464478,Mower Blades
1464480,Mower Blades
4452178,Mower Blades
2026125,Mower Blades
1738461,Mower Blades
4441290,Mower Blades
4454251,Mower Blades
1228192,Mower Blades
1228193,Mower Blades
4441232,Mower Blades
4415346,Mower Blades
1234246,Mower Blades
1234252,Mower Blades
1612646,Mower Blades
4445113,Mower Blades
4425309,Mower Blades
1234247,Mower Blades
1010781,Mower Blades
1463700,Mower Blades
1291970,Mower Blades
1612657,Mower Blades
2026114,Mower Blades
2026113,Mower Blades
2026113,Mower Blades
1612644,Mower Blades
1612645,Mower Blades
1234248,Mower Blades
1234248,Mower Blades
1234243,Mower Blades
1234245,Mower Blades
1234245,Mower Blades
1612653,Mower Blades
1612647,Mower Blades
1389614,Mower Blades
2022144,Mower Blades
2022145,Mower Blades
2022146,Mower Blades
1119663,Mower Blades
1600267,Mower Blades
1464169,Mower Blades
1179085,Mower Belts
4425668,Mower Belts
1179089,Mower Belts
1179088,Mower Belts
1046513,Mower Belts
4429989,Mower Belts
1116843,Mower Belts
1116843,Mower Belts
1179091,Mower Belts
1179090,Mower Belts
1738418,Mower Belts
1228194,Mower Belts
1464473,Mower Belts
1464476,Mower Belts
1116842,Mower Belts
1738419,Mower Belts
2026116,Mower Belts
4435370,Mower Belts
4435370,Mower Belts
1464469,Mower Belts
1464474,Mower Belts
1464475,Mower Belts
1464477,Mower Belts
4460854,Mower Belts
4460846,Mower Belts
4460838,Mower Belts
4460820,Mower Belts
4460812,Mower Belts
4460804,Mower Belts
4460799,Mower Belts
4460781,Mower Belts
4460773,Mower Belts
4460765,Mower Belts
4460757,Mower Belts
4460749,Mower Belts
4461088,Mower Belts
4461070,Mower Belts
4461062,Mower Belts
4461054,Mower Belts
4461046,Mower Belts
4461038,Mower Belts
4461020,Mower Belts
4461012,Mower Belts
4461004,Mower Belts
4460993,Mower Belts
4460985,Mower Belts
4460985,Mower Belts
4461240,Mower Belts
4461240,Mower Belts
4461232,Mower Belts
4461232,Mower Belts
4461224,Mower Belts
4461224,Mower Belts
4461216,Mower Belts
4461208,Mower Belts
4461193,Mower Belts
4462042,Mower Belts
4462042,Mower Belts
4461313,Mower Belts
4461313,Mower Belts
1350144,Mower Belts
1350144,Mower Belts
4461305,Mower Belts
4461305,Mower Belts
4461698,Mower Belts
4461680,Mower Belts
4461672,Mower Belts
4461664,Mower Belts
4461656,Mower Belts
4461606,Mower Belts
4461957,Mower Belts
4461949,Mower Belts
4461949,Mower Belts
4461923,Mower Belts
4461915,Mower Belts
4461907,Mower Belts
4461892,Mower Belts
4461884,Mower Belts
4461884,Mower Belts
4461876,Mower Belts
4461868,Mower Belts
4461850,Mower Belts
1472464,Mower Belts
4442521,Mower Belts
4457097,Mower Belts
1116844,Mower Belts
1116845,Mower Belts
1350882,Mower Belts
1116842,Mower Belts
4445278,Mower Belts
4445260,Mower Belts
4445260,Mower Belts
4442458,Mower Belts
4457047,Mower Belts
4457047,Mower Belts
4457089,Mower Belts
4457089,Mower Belts
1350881,Mower Belts
4452097,Mower Belts
4442513,Mower Belts
2026110,Mower Belts
1289210,Mower Belts
4460731,Mower Belts
4460723,Mower Belts
4460715,Mower Belts
4460707,Mower Belts
4460692,Mower Belts
4460684,Mower Belts
4460676,Mower Belts
4460668,Mower Belts
4460650,Mower Belts
4460642,Mower Belts
4460634,Mower Belts
4460626,Mower Belts
4460977,Mower Belts
4460969,Mower Belts
4460951,Mower Belts
4460943,Mower Belts
4460935,Mower Belts
4460927,Mower Belts
4460919,Mower Belts
4460901,Mower Belts
4460896,Mower Belts
4460888,Mower Belts
4460870,Mower Belts
4460862,Mower Belts
4461135,Mower Belts
4461127,Mower Belts
4461119,Mower Belts
4461101,Mower Belts
4461096,Mower Belts
4461185,Mower Belts
4461177,Mower Belts
4461169,Mower Belts
4461151,Mower Belts
4461143,Mower Belts
4461290,Mower Belts
4461290,Mower Belts
1012571,Mower Belts
1011985,Mower Belts
4461282,Mower Belts
4461274,Mower Belts
4461266,Mower Belts
4461258,Mower Belts
4461931,Mower Belts
1350146,Mower Belts
1350145,Mower Belts
4461347,Mower Belts
4461347,Mower Belts
4461339,Mower Belts
4461339,Mower Belts
1001326,Mower Belts
4461321,Mower Belts
4461321,Mower Belts
4461842,Mower Belts
4461834,Mower Belts
4461826,Mower Belts
4461818,Mower Belts
4461745,Mower Belts
4461486,Mower Belts
4461711,Mower Belts
1046771,Mower Parts & Accessories
4422791,Mower Parts & Accessories
1046770,Mower Parts & Accessories
4419201,Mower Parts & Accessories
4460171,Mower Parts & Accessories
1256232,Mower Parts & Accessories
1073814,Mower Parts & Accessories
1289074,Mower Parts & Accessories
4418792,Mower Parts & Accessories
4420600,Mower Parts & Accessories
1046497,Mower Parts & Accessories
4435192,Mower Parts & Accessories
4452500,Mower Parts & Accessories
1075238,Mower Parts & Accessories
4416211,Mower Parts & Accessories
4418360,Mower Parts & Accessories
4424311,Mower Parts & Accessories
4419659,Mower Parts & Accessories
1075239,Mower Parts & Accessories
4418768,Mower Parts & Accessories
4416164,Mower Parts & Accessories
1738450,Mower Parts & Accessories
1612662,Mower Parts & Accessories
1612661,Mower Parts & Accessories
1237485,Mower Parts & Accessories
4429971,Mower Parts & Accessories
4460189,Mower Parts & Accessories
4407987,Mower Parts & Accessories
4440993,Mower Parts & Accessories
1027191,Mower Parts & Accessories
4440838,Mower Parts & Accessories
1354722,Mower Parts & Accessories
1464467,Mower Parts & Accessories
1464465,Mower Parts & Accessories
1027188,Mower Parts & Accessories
1915636,Mower Parts & Accessories
1084937,Mower Parts & Accessories
1895955,Spark Plugs
1895957,Spark Plugs
1895957,Spark Plugs
1895957,Spark Plugs
1895989,Spark Plugs
1895965,Spark Plugs
1895965,Spark Plugs
1895960,Spark Plugs
1895958,Spark Plugs
1895987,Spark Plugs
1895971,Spark Plugs
1895978,Spark Plugs
1895956,Spark Plugs
1895988,Spark Plugs
1895988,Spark Plugs
1895962,Spark Plugs
1895959,Spark Plugs
1895982,Spark Plugs
1895970,Spark Plugs
1895970,Spark Plugs
1895975,Spark Plugs
1895983,Spark Plugs
1895977,Spark Plugs
1895964,Spark Plugs
1895964,Spark Plugs
1895974,Spark Plugs
1895985,Spark Plugs
1895980,Spark Plugs
1895981,Spark Plugs
1895961,Spark Plugs
1895972,Spark Plugs
1895976,Spark Plugs
1895966,Spark Plugs
1895966,Spark Plugs
1895986,Spark Plugs
1895984,Spark Plugs
1895968,Spark Plugs
1895967,Spark Plugs
1895963,Spark Plugs
2264848,Spark Plugs
2264848,Spark Plugs
1895969,Spark Plugs
1895979,Spark Plugs
1895973,Spark Plugs
1895990,Spark Plugs
1228191,Spark Plugs
4419269,Spark Plugs
1599831,Spark Plugs
1600487,Spark Plugs
4441884,Spark Plugs
4441892,Spark Plugs
4441973,Spark Plugs
4452403,Spark Plugs
4415168,Spark Plugs
4440294,Spark Plugs
4415207,Spark Plugs
4440260,Spark Plugs
4440278,Spark Plugs
4441193,Spark Plugs
4441062,Spark Plugs
4444565,Spark Plugs
4425600,Spark Plugs
1254988,Spark Plugs
1528145,Spark Plugs
4441274,Spark Plugs
4441274,Spark Plugs
4441931,Spark Plugs
4441931,Spark Plugs
4440919,Spark Plugs
1046498,Spark Plugs
4419358,Spark Plugs
4440862,Spark Plugs
1082188,Spark Plugs
1116971,Spark Plugs
1736022,Spark Plugs
1736022,Spark Plugs
1351249,Spark Plugs
4455948,Spark Plugs
4450574,Spark Plugs
4450582,Spark Plugs
4415223,Spark Plugs
4415223,Spark Plugs
4440286,Spark Plugs
4440286,Spark Plugs
4440286,Spark Plugs
4440286,Spark Plugs
1116756,Power Equipment Oil
1268291,Power Equipment Oil
1017803,Power Equipment Oil
2020499,Power Equipment Oil
1056831,Power Equipment Oil
4458661,Power Equipment Oil
1156442,Power Equipment Oil
1089376,Power Equipment Oil
1156445,Power Equipment Oil
1549983,Power Equipment Oil
1046848,Power Equipment Oil
4416229,Power Equipment Oil
4417403,Power Equipment Oil
4420943,Power Equipment Oil
4413742,Power Equipment Oil
4442416,Power Equipment Oil
4424353,Power Equipment Oil
4424387,Power Equipment Oil
4441282,Power Equipment Oil
4441282,Power Equipment Oil
1074112,Power Equipment Oil
1074577,Power Equipment Oil
1074576,Power Equipment Oil
1074575,Power Equipment Oil
1074575,Power Equipment Oil
1074574,Power Equipment Oil
4444507,Power Equipment Oil
4444531,Power Equipment Oil
1175969,Power Equipment Oil
1175967,Power Equipment Oil
1468030,Power Equipment Oil
1175968,Power Equipment Oil
1175966,Power Equipment Oil
1126598,Power Equipment Oil
1126598,Power Equipment Oil
1268297,Power Equipment Oil
2332347,Power Equipment Oil
1126599,Power Equipment Oil
1611957,Power Equipment Oil
1354460,Power Equipment Oil
1384902,Power Equipment Oil
1384901,Power Equipment Oil
4417835,Power Equipment Oil
4417908,Power Equipment Oil
1268292,Power Equipment Oil
1268294,Power Equipment Oil
4418865,Power Equipment Oil
4418865,Power Equipment Oil
4418865,Power Equipment Oil
4418865,Power Equipment Oil
4418857,Power Equipment Oil
4418857,Power Equipment Oil
4418857,Power Equipment Oil
4418857,Power Equipment Oil
4422076,Power Equipment Oil
4422076,Power Equipment Oil
4419340,Power Equipment Oil
4444612,Power Equipment Oil
1472468,Power Equipment Oil
1739827,Power Equipment Oil
1612658,Power Equipment Oil
1411809,Power Equipment Oil
1354721,Power Equipment Oil
1354721,Power Equipment Oil
1030590,Power Equipment Oil
1383224,Power Equipment Oil
1030591,Power Equipment Oil
1464489,Power Equipment Oil
1354337,Power Equipment Oil
1354339,Power Equipment Oil
1354338,Power Equipment Oil
1611956,Power Equipment Oil
1116970,Power Equipment Oil
1000767,Power Equipment Oil
4441737,Power Equipment Oil
1174027,Power Equipment Oil
4429882,Power Equipment Oil
1174026,Power Equipment Oil
4429866,Power Equipment Oil
1412090,Power Equipment Oil
1683606,Power Equipment Oil
4469052,Power Equipment Oil
1464497,Power Equipment Oil
1464495,Power Equipment Oil
1464496,Power Equipment Oil
1252097,Power Equipment Oil
1740470,Power Equipment Oil
1610494,Power Equipment Oil
4416562,Power Equipment Oil
1116949,Power Equipment Oil
1183387,Power Equipment Oil
1183386,Power Equipment Oil
4417982,Power Equipment Oil
4417990,Power Equipment Oil
2334512,Power Equipment Oil
4452152,Power Equipment Oil
4416651,Power Equipment Oil
4435524,Power Equipment Oil
1116926,Power Equipment Oil
1012740,Power Equipment Oil
1196320,Power Equipment Oil
4430320,Power Equipment Oil
4469280,CountyLine Bar & Chain Oil
4469280,CountyLine Bar & Chain Oil
4469280,CountyLine Bar & Chain Oil
4469280,CountyLine Bar & Chain Oil
4469280,CountyLine Bar & Chain Oil
4469280,CountyLine Bar & Chain Oil
4469280,CountyLine Bar & Chain Oil
4469280,CountyLine Bar & Chain Oil
4469280,CountyLine Bar & Chain Oil
4460113,CountyLine Bar & Chain Oil
4460113,CountyLine Bar & Chain Oil
4460113,CountyLine Bar & Chain Oil
4460113,CountyLine Bar & Chain Oil
4460113,CountyLine Bar & Chain Oil
4460113,CountyLine Bar & Chain Oil
4469010,CountyLine Bar & Chain Oil
4469010,CountyLine Bar & Chain Oil
4469010,CountyLine Bar & Chain Oil
4469010,CountyLine Bar & Chain Oil
4469010,CountyLine Bar & Chain Oil
4469010,CountyLine Bar & Chain Oil
4469010,CountyLine Bar & Chain Oil
4469010,CountyLine Bar & Chain Oil
4469010,CountyLine Bar & Chain Oil
4469010,CountyLine Bar & Chain Oil
4469010,CountyLine Bar & Chain Oil
4469010,CountyLine Bar & Chain Oil
4469010,CountyLine Bar & Chain Oil
4469010,CountyLine Bar & Chain Oil
4469010,CountyLine Bar & Chain Oil
4469010,CountyLine Bar & Chain Oil
4469010,CountyLine Bar & Chain Oil
4469010,CountyLine Bar & Chain Oil
2325152,Trimmer Accessories
2325153,Trimmer Accessories
1456192,Trimmer Accessories
1456191,Trimmer Accessories
1456179,Trimmer Accessories
1456179,Trimmer Accessories
1228132,Trimmer Accessories
1228101,Trimmer Accessories
1228099,Trimmer Accessories
1228104,Trimmer Accessories
1456193,Trimmer Accessories
1228103,Trimmer Accessories
2022142,Trimmer Accessories
1228102,Trimmer Accessories
1228100,Trimmer Accessories
1228107,Trimmer Accessories
1046399,Trimmer Accessories
1019997,Trimmer Accessories
1010813,Trimmer Accessories
1010811,Trimmer Accessories
2015777,Trimmer Accessories
1348547,Trimmer Accessories
2325154,Trimmer Accessories
1456178,Trimmer Accessories
1456178,Trimmer Accessories
1456176,Trimmer Accessories
1456175,Trimmer Accessories
1456177,Trimmer Accessories
1456177,Trimmer Accessories
1228122,Trimmer Accessories
1228121,Trimmer Accessories
1228120,Trimmer Accessories
1132862,Trimmer Accessories
1228119,Trimmer Accessories
1228117,Trimmer Accessories
1228114,Trimmer Accessories
1228138,Trimmer Accessories
1228129,Trimmer Accessories
1228128,Trimmer Accessories
1228127,Trimmer Accessories
1456174,Trimmer Accessories
1228116,Trimmer Accessories
1228111,Trimmer Accessories
1228115,Trimmer Accessories
1228110,Trimmer Accessories
1495933,Trimmers
1460281,Trimmers
1601714,Trimmers
1350629,Trimmers
1352673,Trimmers
1601717,Trimmers
1352676,Trimmers
1352676,Trimmers
1460279,Trimmers
1460279,Trimmers
1352674,Trimmers
1352674,Trimmers
1460280,Trimmers
1352677,Trimmers
1601716,Trimmers
1601716,Trimmers
1460281,Trimmers
1727941,Trimmers
1458167,Battery Handheld
1125751,Battery Handheld
1463688,Battery Handheld
1463689,Battery Handheld
1458168,Battery Handheld
1458166,Battery Handheld
1267606,Battery Handheld
1420461,Battery Handheld
1287273,Battery Handheld
1744478,Battery Handheld
1744477,Battery Handheld
2341292,Battery Handheld
1744631,Battery Handheld
1287269,Battery Handheld
1287267,Battery Handheld
1287268,Battery Handheld
1289387,Blowers
1076678,Blowers
1011481,Blowers
1487364,Blowers
1727939,Blowers
1350632,Blowers
1696784,Fertilizer & Planters
1273212,Fertilizer & Planters
1424392,Fertilizer & Planters
1333117,Fertilizer & Planters
1273579,Fertilizer & Planters
4413831,Fertilizer & Planters
2272061,Fertilizer & Planters
1384109,Fertilizer & Planters
2272058,Fertilizer & Planters
1350109,SM Bag Grass Seed
1674004,SM Bag Grass Seed
6861006,SM Bag Grass Seed
6861404,SM Bag Grass Seed
6861250,SM Bag Grass Seed
1024710,SM Bag Grass Seed
6861315,SM Bag Grass Seed
6854009,SM Bag Grass Seed
1056398,SM Bag Grass Seed
1599327,SM Bag Grass Seed
6861941,SM Bag Grass Seed
6861098,SM Bag Grass Seed
1012995,SM Bag Grass Seed
1352855,SM Bag Grass Seed
6861399,SM Bag Grass Seed
1024711,SM Bag Grass Seed
6861292,SM Bag Grass Seed
1283502,SM Bag Grass Seed
6854994,SM Bag Grass Seed
6861886,SM Bag Grass Seed
1283503,SM Bag Grass Seed
2322577,SM Bag Grass Seed
2322578,SM Bag Grass Seed
1350322,SM Bag Grass Seed
1229962,SM Bag Grass Seed
2322575,SM Bag Grass Seed
1283500,SM Bag Grass Seed
6805115,SM Bag Grass Seed
1283501,SM Bag Grass Seed
1585070,SM Bag Grass Seed
1350110,SM Bag Grass Seed
1013185,Big Bag Grass Seed
1051547,Big Bag Grass Seed
1557018,Big Bag Grass Seed
1036429,Big Bag Grass Seed
2030231,Big Bag Grass Seed
6859229,Big Bag Grass Seed
1073541,Big Bag Grass Seed
1291826,Big Bag Grass Seed
4220157,Big Bag Grass Seed
1702098,Hose Accessories
4433946,Hose Accessories
1095635,Hose Accessories
1060772,Hose Accessories
4510251,Hose Accessories
4510251,Hose Accessories
4510251,Hose Accessories
4510251,Hose Accessories
4428878,Hose Accessories
1023650,Hose Accessories
1422314,Hose Accessories
1422315,Hose Accessories
1422312,Hose Accessories
1422310,Hose Accessories
1212775,Hose Accessories
4510578,Hose Accessories
1006408,Hose Accessories
1023235,Hose Accessories
4510756,Hose Accessories
1093722,Hose Accessories
4428886,Hose Accessories
4510285,Hose Accessories
4510366,Hose Accessories
4510374,Hose Accessories
4415671,Hose Accessories
4510243,Hose Accessories
1422300,Hose Accessories
1023471,Hose Accessories
1006396,Hose Accessories
4510332,Hose Accessories
4510340,Hose Accessories
4428894,Hose Accessories
4510293,Hose Accessories
4510358,Hose Accessories
4428640,Hose Accessories
1265068,Hose Accessories
4510099,Hose Accessories
1023470,Hose Accessories
1006404,Hose Accessories
4510196,Hose Accessories
1422313,Hose Accessories
1422311,Hose Accessories
4510235,Hose Accessories
4510201,Hose Accessories
1006409,Hose Accessories
4408454,Hose Accessories
1420528,Hose Accessories
1420530,Hose Accessories
4457437,Hose Accessories
1015648,Hose Accessories
1333318,Hose Accessories
1213541,Hose Accessories
1213542,Hose Accessories
4457372,Hose Accessories
1270711,Hose Accessories
1270712,Hose Accessories
4510803,Hose Accessories
4510803,Hose Accessories
4510162,Hose Accessories
4510162,Hose Accessories
1270713,Hose Accessories
1044281,Hose Accessories
1044281,Hose Accessories
4510900,Hose Accessories
4510853,Hose Accessories
4510950,Hose Accessories
4040557,Hose Accessories
1044961,Hose Accessories
1044961,Hose Accessories
4510942,Hose Accessories
1336761,Hose Accessories
1095578,Hose Accessories
1422299,Hose Accessories
1332416,Hose Accessories
4428585,Hose Accessories
4510227,Hose Accessories
4428917,Hose Accessories
1332412,Hose Accessories
4510714,Hose Accessories
1332413,Hose Accessories
1218369,Hose Accessories
1060800,Hose Accessories
1147052,Hose Accessories
1006450,Hose Accessories
1006450,Hose Accessories
1332417,Hose Accessories
4510405,Hose Accessories
4510405,Hose Accessories
1332415,Hose Accessories
2011073,Hose Accessories
1019358,Hose Accessories
4510722,Hose Accessories
1019358,Hose Accessories
1572227,Hose Accessories
4433954,Hose Accessories
4433954,Hose Accessories
4433954,Hose Accessories
1019358,Hose Accessories
1025125,Hose Accessories
1019358,Hose Accessories
1025125,Hose Accessories
1019358,Hose Accessories
1095577,Hose Accessories
1019358,Hose Accessories
1095577,Hose Accessories
1019358,Hose Accessories
1213493,Hose Accessories
1072842,Stakes - Netting
1072841,Stakes - Netting
1598205,Stakes - Netting
1045057,Stakes - Netting
1555374,Stakes - Netting
1017396,Stakes - Netting
1017396,Stakes - Netting
1598059,Stakes - Netting
1045056,Stakes - Netting
1600274,Stakes - Netting
1741640,Stakes - Netting
1017396,Stakes - Netting
1164984,Stakes - Netting
1917648,Stakes - Netting
1332420,Stakes - Netting
1332418,Stakes - Netting
1332419,Stakes - Netting
1017396,Stakes - Netting
1332513,Stakes - Netting
1332512,Stakes - Netting
1332514,Stakes - Netting
1558439,Stakes - Netting
1332510,Stakes - Netting
1332511,Stakes - Netting
1332509,Stakes - Netting
1332503,Stakes - Netting
1332500,Stakes - Netting
1332502,Stakes - Netting
1332501,Stakes - Netting
1332506,Stakes - Netting
1332507,Stakes - Netting
1422428,Stakes - Netting
1332505,Stakes - Netting
1332504,Stakes - Netting
1045058,Stakes - Netting
1110368,Stakes - Netting
4428713,Pump Sprayers
1023212,Pump Sprayers
1066891,Pump Sprayers
4428705,Pump Sprayers
4428747,Pump Sprayers
2027713,Pump Sprayers
1013316,Pump Sprayers
1700406,Pump Sprayers
1658298,Pump Sprayers
1012103,Pump Sprayers
1330858,Pump Sprayers
1239594,Pump Sprayers
1388527,Pump Sprayers
4403072,Pump Sprayers
1093743,Pump Sprayers
4428569,Pump Sprayers
4428577,Pump Sprayers
1388528,Pump Sprayers
4451431,Pump Sprayers
1233440,Canning
1014827,Canning
1014704,Canning
1014707,Canning
1088865,Canning
1183449,Canning
1182930,Canning
2283770,Canning
2283608,Canning
2283771,Canning
2283609,Canning
2362354,Canning
2283606,Canning
2361941,Canning
2283607,Canning
2361940,Canning
1228399,Garden Fertilizer and Protection
5108667,Garden Fertilizer and Protection
5108659,Garden Fertilizer and Protection
4210479,Garden Fertilizer and Protection
4457827,Garden Fertilizer and Protection
4435689,Garden Fertilizer and Protection
1232742,Garden Fertilizer and Protection
1074101,Garden Fertilizer and Protection
4201399,Garden Fertilizer and Protection
4200288,Garden Fertilizer and Protection
4206569,Garden Fertilizer and Protection
4206543,Garden Fertilizer and Protection
4206381,Garden Fertilizer and Protection
6853508,Garden Fertilizer and Protection
1683835,Garden Fertilizer and Protection
2005591,Garden Fertilizer and Protection
1232741,Garden Fertilizer and Protection
1232743,Garden Fertilizer and Protection
1716506,Garden Fertilizer and Protection
1011327,Garden Fertilizer and Protection
1435398,Garden Fertilizer and Protection
1013133,Garden Fertilizer and Protection
1350349,Garden Fertilizer and Protection
1011204,Garden Fertilizer and Protection
1683836,Garden Fertilizer and Protection
6019390,Garden Fertilizer and Protection
4207078,Garden Fertilizer and Protection
4200961,Garden Fertilizer and Protection
1350331,Garden Fertilizer and Protection
4200686,Garden Fertilizer and Protection
1026338,Garden Fertilizer and Protection
1074102,Garden Fertilizer and Protection
1027463,Garden Fertilizer and Protection
1109035,Garden Fertilizer and Protection
4206577,Garden Fertilizer and Protection
4457843,Garden Fertilizer and Protection
1024005,Garden Fertilizer and Protection
1012149,Garden Fertilizer and Protection
1062099,Garden Fertilizer and Protection
2025174,Garden Fertilizer and Protection
2025177,Garden Fertilizer and Protection
2025175,Garden Fertilizer and Protection
1350397,Garden Fertilizer and Protection
1011493,Garden Fertilizer and Protection
4457673,Garden Fertilizer and Protection
4435697,Garden Fertilizer and Protection
1229967,Garden Fertilizer and Protection
6015786,Garden Fertilizer and Protection
1229972,Garden Fertilizer and Protection
1350330,Garden Fertilizer and Protection
1045804,Garden Fertilizer and Protection
1229966,Garden Fertilizer and Protection
1350333,Garden Fertilizer and Protection
6862418,Garden Fertilizer and Protection
1229969,Garden Fertilizer and Protection
1350332,Garden Fertilizer and Protection
1224656,Garden Fertilizer and Protection
6018687,Garden Fertilizer and Protection
6015867,Garden Fertilizer and Protection
1378353,Garden Fertilizer and Protection
1378354,Garden Fertilizer and Protection
1294388,Garden Fertilizer and Protection
1232290,Garden Fertilizer and Protection
1271323,Garden Fertilizer and Protection
1292389,Garden Fertilizer and Protection
1484325,Garden Fertilizer and Protection
1484324,Garden Fertilizer and Protection
6808472,Garden Fertilizer and Protection
1100761,Garden Fertilizer and Protection
1347641,Garden Fertilizer and Protection
1683931,Garden Fertilizer and Protection
1011988,Garden Fertilizer and Protection
1464232,Garden Fertilizer and Protection
1389869,Garden Fertilizer and Protection
1389868,Garden Fertilizer and Protection
1454341,Garden Fertilizer and Protection
1024685,Garden Fertilizer and Protection
1024686,Garden Fertilizer and Protection
1024689,Garden Fertilizer and Protection
1072939,Garden Fertilizer and Protection
1347640,Garden Fertilizer and Protection
1347638,Garden Fertilizer and Protection
1350215,Garden Fertilizer and Protection
1350212,Garden Fertilizer and Protection
1024688,Garden Fertilizer and Protection
1024687,Garden Fertilizer and Protection
1292420,Garden Fertilizer and Protection
1350213,Garden Fertilizer and Protection
1350214,Garden Fertilizer and Protection
1045805,Garden Fertilizer and Protection
1011491,Garden Fertilizer and Protection
1011490,Garden Fertilizer and Protection
1011492,Garden Fertilizer and Protection
1350217,Garden Fertilizer and Protection
1683932,Garden Fertilizer and Protection
1369863,Garden Fertilizer and Protection
2324537,Garden Fertilizer and Protection
2324538,Garden Fertilizer and Protection
1031039,Garden Fertilizer and Protection
1350168,Insect Control
2021846,Insect Control
4202840,Insect Control
1074097,Insect Control
1074098,Insect Control
1012909,Insect Control
1292096,Insect Control
1350870,Insect Control
1350868,Insect Control
1458932,Insect Control
1350904,Insect Control
1074106,Insect Control
1026110,Insect Control
1231423,Insect Control
1350869,Insect Control
1737717,Insect Control
1737718,Insect Control
1458933,Insect Control
4200351,Insect Control
1587580,Insect Control
4202858,Insect Control
4202832,Insect Control
1350805,Insect Control
1232256,Insect Control
1538696,Insect Control
1055235,Insect Control
1026111,Insect Control
1026116,Insect Control
1350806,Insect Control
1232258,Insect Control
1073736,Insect Control
1118965,Insect Control
1352647,Insect Control
1073803,Insect Control
4202866,Insect Control
1458934,Insect Control
2299919,Insect Control
4202882,Insect Control
1025900,Insect Control
1074107,Insect Control
1055237,Insect Control
4202654,Insect Control
1914931,Insect Control
1228395,Insect Control
1283526,Insect Control
1234237,Insect Control
1492591,Insect Control
1229905,Insect Control
1026360,Insect Control
1026361,Insect Control
1013277,Insect Control
1026113,Insect Control
1172696,Insect Control
1172697,Insect Control
1856616,Insect Control
1352373,Insect Control
4210097,Insect Control
2028664,Insect Control
1291980,Insect Control
1291982,Insect Control
1232364,Insect Control
4439358,Insect Control
1413017,Insect Control
1048705,Insect Control
1352375,Insect Control
1352374,Insect Control
1350905,Insect Control
4206501,Insect Control
1026115,Insect Control
1283522,Insect Control
1117003,Insect Control
1339544,Insect Control
1649795,Insect Control
1350835,Insect Control
1458931,Insect Control
1587581,Insect Control
1350836,Insect Control
1110596,Insect Control
1170813,Insect Control
2322583,Insect Control
1420524,Insect Control
1046989,Insect Control
1433074,Insect Control
1606086,Insect Control
1445905,Insect Control
1345432,Insect Control
1006370,Insect Control
4416431,Insect Control
5127815,Insect Control
5108691,Insect Control
1336748,Insect Control
1433529,Insect Control
4205806,Insect Control
1350880,Insect Control
1420525,Insect Control
1352648,Insect Control
4210209,Insect Control
1364162,Insect Control
1292191,Insect Control
4200806,Insect Control
1232427,Insect Control
4452746,Insect Control
1433019,Insect Control
4200301,Insect Control
1228757,Insect Control
4435590,Insect Control
4200181,Insect Control
1350346,Insect Control
1598601,Insect Control
1012908,Insect Control
1292095,Insect Control
1046990,Insect Control
1687744,Weed Control
4039904,Weed Control
1443581,Weed Control
1443579,Weed Control
1292098,Weed Control
1360263,Weed Control
4041896,Weed Control
1443578,Weed Control
4210908,Weed Control
1454884,Weed Control
1170814,Weed Control
1350334,Weed Control
4200937,Weed Control
2322664,Weed Control
2322665,Weed Control
4039645,Weed Control
4205610,Weed Control
6015833,Weed Control
1118710,Weed Control
1013655,Weed Control
2322662,Weed Control
1378746,Weed Control
1617449,Weed Control
1643258,Weed Control
1171652,Weed Control
1013135,Weed Control
1598594,Weed Control
1598592,Weed Control
1292099,Weed Control
1350398,Weed Control
1026104,Weed Control
2322667,Weed Control
1073484,Weed Control
2322666,Weed Control
2325083,Weed Control
4220181,Weed Control
2322663,Weed Control
4205636,Weed Control
4221111,Weed Control
4221187,Weed Control
1352376,Weed Control
1117159,Weed Control
1350350,Weed Control
1013655,Weed Killer
1013655,Weed Killer
1093743,Weed Killer
1600515,Push Mower
1600514,Push Mower
2030484,Push Mower
1778408,Push Mower
1778407,Push Mower
2332356,Push Mower
1143608,Push Mower
1676591,Push Mower
1228132,Push Mower
1030591,Premix Fuel
1030590,Premix Fuel
1126598,Premix Fuel
1468030,Premix Fuel
1126598,Premix Fuel
1468030,Premix Fuel
1611956,Premix Fuel
1611957,Premix Fuel
1591463,Fans
2028084,Fans
2357668,Fans
1043636,Fans
1025507,Fans
1046850,Fans
1598573,Fans
2312449,Fans
2313100,Fans
2313101,Fans
5002308,Fans
1591460,Fans
1591461,Fans
1591462,Fans
1591463,Fans
2028084,Fans
2324536,Grilling Pellets
2324591,Grilling Pellets
2324543,Grilling Pellets
1584503,Grilling Pellets
1558130,Grilling Pellets
1557689,Grilling Pellets
1377288,Home Air Units
1620602,Home Air Units
2054677,Home Air Units
2325085,Home Air Units
